schedule,column_id,column_name,description,valid_from_year,valid_to_year,change_notes
12,01,Ontario Conditional Grants,"All conditional operating grants received or receivable from the province, including those from Ontario enterprises, are reported here.

Please note that unconditional operating grants are reported on Schedule 10, Total Revenues, because they are not related to a specific municipal function or service.

In this column, include operating grants from the Ontario Lottery Corporation.

Include grants for fully or proportionally consolidated local boards.

In this column, include the Provincial Gas Tax revenue if used for transit operations.

Include costs recovered from the province. Example: costs recovered from the province in respect of a hearing.

**For other municipalities that provide ambulance dispatch on behalf of the province, please report all revenues pertaining to ambulance dispatch on line 1035 column 1. This only applies to the following municipalities: City of Toronto, Region of Niagara, City of Ottawa, and City of Timmins. Line 1035 will be greyed out for all other municipalities.**

If Ontario conditional operating grants have been overpaid as of December 31st, the amount reported should not include the amount of the overpayment.  The overpaid portion should be recorded as a liability and included in the amount reported in Schedule 70, Consolidated Financial Position, line 2220 (Accounts Payable and accrued liabilities Ontario).

An example is overpayment for general welfare assistance.

The total for Ontario conditional grants is automatically carried forward to Schedule 10 (SLC 10 0810 01).

Provincial grants for tangible capital assets are reported on column 5. Total provincial grants for tangible capital assets are automatically carried forward to Schedule 10 (SLC 10 0815 01).",,,
12,02,Canada Conditional Grants,"Enter conditional operating grants received or receivable from the federal government or its agencies.

Include grants for fully or proportionally consolidated local boards.

If Canada conditional operating grants have been overpaid as of December 31st, the amount reported should not include the overpaid portion.  The overpaid portion should be recorded as a liability and included in the amount reported in Schedule 70, Consolidated Financial Position, line 2210, (Accounts payable and accrued liabilities Canada).

The total for Canada conditional grants is automatically carried forward to Schedule 10 (SLC 10 0820 01).

Federal grants for tangible capital assets are reported on column 6.  Total Canada conditional grants for tangible capital assets is automatically carried forward to Schedule 10 (SLC 10 0825 01).",,,
12,03,Other Municipalities,"Include revenue received or receivable from other municipalities, including amounts recovered from the upper tier.

Include amounts recovered from neighbouring municipalities for services provided.

Include amounts pertaining to agreements for joint services and fees for professional services provided.

Examples include revenue received from other municipalities for firefighting services or for work done on the roads of another municipality. Include fees received from other municipalities.

Include the sale of water to another municipality.

Include contributions to recreation centres.

Include county contributions towards roads under section 41 (5) of the Public Transportation and Highway Improvement Act.

Revenue received from a First Nations Council for fire protection services is to be reported as revenue from other municipalities in Schedule 12, column 3, rather than revenue from user fees in Schedule 12, column 4.

The total for revenue from other municipalities is automatically carried forward to Schedule 10 (SLC 10 1099 01).",,,
12,04,User Fees and Service Charges,"In column 4, report user fees. User fees are fees and service charges imposed by the municipality which are directly associated with a particular municipal function.",,,
12,05,Ontario Grants - Tangible Capital Assets,"Report all Ontario grants for tangible capital assets on this column under the appropriate functional category.

Report OCIF deferred revenue earned in the year under the appropriate functional category.

Report the Provincial Gas Tax grants received and used for capital improvements for transit.

If the Provincial Gas tax was not utilized during the year, then these funds should be directly reported on Schedule 60 Line 0860 Column 1 under the provincial gas tax line.

Report all deferred revenue earned, such as Ontario bus replacement grant, etc., except for deferred revenue earned (Provincial Gas Tax) for Transit (Capital).

**Deferred revenue earned (Provincial Gas Tax) for Transit (Capital) should be entered in Schedule 60-line 1045 column 1. Schedule 10-line 0830 column 1 automatically draws the amounts entered in schedule 60-line 1042 column 1 + schedule 60-line 1045 column 1.**

**The total in column 5 in SLC 12 9910 05 is carried forward to SLC 10 0815 01.**",,,
12,06,Canada Grants - Tangible Capital Assets,"Report all federal grants for tangible capital assets on this column under the appropriate functional category.

Report the Canada Community-Building Fund (previously Federal Gas Tax) grant received and applied (or used) to the applicable program (or the various functional areas).

If the Canada Community-Building Fund grant was not utilized during the year, then these funds should be directly reported on Schedule 60 Line 0862 Column 1 under the Canada Community-Building Fund line.

Report all deferred revenue earned, such as Federal public transit, Canada Building Fund, and Canada Community-Building Fund, etc.

The total in column 6 in SLC 12 9910 06 is carried forward to SLC 10 825 01.",,,
12,07,Other Municipalities - Tangible Capital Assets,"Include amounts received from other municipalities for their share of capital projects.

For example, include amounts received from other municipalities for joint wastewater and water projects.",,,
20,01,Exit Capping Immediately,"Enter Yes (Y) if your municipality exited the Capping Limit Program.

Enter No (Y) if your municipality did not exit the Capping Limit Program.",,,
20,02,Decrease- Percentage Retained,"Enter the percentage decrease retained value for properties that would have experienced a decrease in taxes.

If the total cost of protection of the capping program has been funded by the municipality, the decrease-percentage retained should equal 100%.

If the cost of protection has been totally funded by minimizing the property tax decreases, (i.e. Revenue Neutral approach), the decrease percentage share should be between 0% and 100%.",,,
20,03,Tax Adjustment - Increasers,"Tax Adjustment - Increasers refers to the dollar amount refunded or credited to the capped properties (increasing properties).  This amount is the difference between the Current Value Assessment (CVA) taxes on these properties for the year, and the capped taxes raised from these properties.

For municipalities that use the OPTA system, these amounts are displayed on the summary lines of the frozen capping reports.

Upper tier municipalities must report the total cost of protection for all capped properties across the upper tier.",,,
20,04,Net Class Impact,"The Net Class Impact is the difference between the total taxes raised from the class after the capping adjustments, and the CVA taxes that would be levied on the class in the absence of capping.  For lower tier municipalities, the amount can be positive or negative and should be inserted as such.

For municipalities that use the OPTA system, these amounts are displayed in the net class impact line of the capping summary analysis report or the tax adjustment column of the capping summary report.

Upper tier municipalities must report the total net tax impact across the upper tier (generally this amount is zero unless the upper tier has selected a non-revenue neutral capping policy or if there is a shortfall in the capping calculation).",,,
20,05,Annualized Tax Limit,"The minimum percentage of annualized tax limit that can be entered is 5%. Municipalities can increase this amount to up to 10%.  Enter the value included in the by-law up to two decimal places for each of the multi-residential, commercial and industrial classes.",,,
20,06,CVA Tax Limit,"If the municipality has adopted the CVA tax limit parameter of between 0 and 5% of the previous year’s CVA taxes, enter the percentage amount to two decimal places.",,,
20,07,CVA Threshold Value for Protected Properties,"If the municipality has elected to move increasing properties to CVA taxation if they fall within 0 to $250 of CVA taxes, enter the CVA tax limit amount adopted in the by-law.",,,
20,08,CVA Threshold Value for Clawed Back Properties,"If the municipality has elected to move decreasing properties to CVA taxation if they fall within 0 to $250 of CVA taxes, enter the CVA tax limit amount adopted in the by-law.",,,
20,09,Exclude Properties Previously at CVA Tax,Please indicate which of these capping parameters have been implemented in the municipality by entering Y for Yes and N for No in column 9.,,,
20,10,Exclude Properties That Go from Capped to Clawed Back,Please indicate which of these capping parameters have been implemented in the municipality by entering Y for Yes and N for No in column 10.,,,
20,11,Exclude Properties That Go from Clawed Back to Capped,Please indicate which of these capping parameters have been implemented in the municipality by entering Y for Yes and N for No in column 11.,,,
22,01,RTC / RTQ,"This refers to the 2-digit code of the property class, and tax rate applicable to the assessment on a property. The first digit represents the Realty Tax Class (RTC) and refers to the property class. The second digit represents the Realty Tax Qualifier (RTQ) and refers to the tax rate that is applied to the property.

The RTQ describes which of the following ways the Tax Rate is applied:

1. Full tax rate

2. Discounted tax rate

   - i. Excess Land

   - ii. Vacant Land

   - iii. Farmland Awaiting Development

3. Education tax rate only

4. General tax rate only

For RTC / RTQ codes that refer to optional property classes, municipalities should report these whether the class is ‘in effect’ or not.  They should not be aggregated with the ‘broad’ Commercial or Industrial class.  This allows the optional property class properties to be identified regardless of whether the optional class is in effect.

Please refer to the FIR2025 Tables document for a complete list of applicable RTC / RTQ combinations. New Construction classes have been formed under the Commercial and Industrial property class.  RTC codes and RTQ codes available at the FIR website:

https://efis.fma.csc.gov.on.ca/fir/index.php/municipal-reporting/additional-information/",,,
22,02,Tax Band,"Municipalities have been provided with the option of applying graduated tax rates, often referred to as Tax Banding, in the commercial and industrial property classes. This means that municipalities can apply different tax rates to tax bands, or different ranges of assessment within a property class.  Please refer to Section 3 of Schedule 20 in these instructions, for further information on Tax Bands.

Municipalities must enter 0, L, M, or H in this column as explained in the instructions below:

For municipalities who have NOT adopted tax banding in a property class, a zero, ‘0', should be reported on each line in this column.  An entry of ‘0' represents an ‘Unbanded’ tax rate.

For municipalities who have adopted tax banding, by either creating 2 or 3 Tax Bands of assessment value (CVA) to which different tax rates are applied, the following tables outline the entries available for this column:

**==> picture [341 x 116] intentionally omitted <==**

**----- Start of picture text -----**<br>
No Tax Bands<br>Tax Band  Enter<br>Un-banded  0<br>2 Tax Bands<br>Tax Band Enter<br>Low tax band  L<br>High tax band  H<br>**----- End of picture text -----**<br>",,,
22,03,Property Class,"The name of the property class in this column corresponds to the Realty Tax Class (RTC) code, which is the first letter of the RTC / RTQ Code in column 1.  (See FIR2025 Tables)",,,
22,04,Tax Rate Description,"This column describes the tax rate that is applied to a property class and corresponds to the Realty Tax Qualifier (RTQ) code, which is the second letter of the RTC / RTQ Code in column 1.  (See FIR2025 Tables)",,,
22,05,Tax Ratio,"The Tax Ratio defines the relationship between the Tax Rate of each property class in relation to the Residential property class (RT).  For example, if the Residential tax rate is 2% and the Commercial tax rate (CT) is 4% twice that of the Residential tax rate, then the Commercial tax ratio is 2.0000:

**==> picture [294 x 46] intentionally omitted <==**

All Tax Ratios are now expressed as a decimal to 6 decimal places. The tax ratio for the Residential (RTC = R) property class is always 1.0000, and the tax ratio for the Farmland (RTC = F), and Managed Forest (RTC = T) property classes is always 0.2500.

Each property class, and similarly, each RTC code, must have a tax ratio associated with it.  It is also worth noting that the Tax Ratio remains constant within a property class.  For example, a Commercial Tax Ratio of 2.0000 applies to CT, CU and CX (CU, and CX usually have a 70% discount as described in column 6).

Please refer to the FIR2025 Tables document for a complete list of RTC Codes which shows the relationship between the RTC Code (or property class) and the tax ratio.

Please note the exceptions that exist when optional classes are in effect.",,,
22,06,Percent of Full Rate,"This column captures information relating to discounted tax rates, and tax banding of the tax rates. These can be summarized into the following 3 cases:

|**Types of Tax Rate Discounts**|**Options**|
|---|---|
|Vacant Land or Excess Land|Excess Land Rate (RTQ = U)<br>Vacant Land Rate (RTQ=X)|
|Farmland Awaiting Development|Phase 1 (RTQ = 1)<br>Phase 2 (RTQ=4)|
|Tax Banding (Percent of Full Unbanded Rate)|Low Tax Band (Tax Band = L)<br>Middle Tax Band (Tax Band = M)<br>High Tax Band (Tax Band=H)|

Notice that the first 2 cases relate to the RTQ of a property, while the 3rd case refers to the Tax Band.

For municipalities who have opted for tax banding of tax rates, it may be possible to have case 1 and 3 occurring at the same time (i.e. RTQ = U, X and Tax Band = L, M, H).

Remember, every tax rate is determined by the following relationship with the Residential tax rate:",,,
22,07,CVA Assessment,"The total current value assessment (CVA) associated with each property class is entered in this column.

Column 7 is pre-populated for the user in this taxable general-purpose levy schedule.  If the CVA assessment is incorrect, please delete the pre-populated amount and enter the correct information.

For those municipalities that have multiple general levy areas, you will enter the 2025 Base CVA at 2016 Roll Return. (CVA assessment is currently frozen at 2016 Roll Return)

Each taxable RTC / RTQ Code and Tax Band combination that is applicable in a municipality should have a record shown in this schedule.

Please note that Hydro properties represented by RTQ = H, J, or K are reported in this column as Taxable Assessment.",,,
22,16,Phase-In Taxable Assessment,"The phase-in taxable assessment associated with each property class is entered in this column.  Each taxable RTC / RTQ Code and Tax Band combination that is applicable in a municipality should have a record shown in this schedule.

Column 16 is pre-populated for the user in the taxable general-purpose levy schedule. The information has been pre-populated from OPTA. If the phase-in taxable assessment is incorrect, please delete the pre-populated amount and enter the correct information.

The phase-in taxable assessment amounts reported in this column will be applied to the Tax Rates reported in columns 8 to 11 to arrive at the Taxation amounts in columns 12 to 15 in this schedule.

Please note that Hydro properties represented by RTQ = H, J, or K are reported in this column as Taxable Assessment.",,,
22,08,Tax Rates:  Lower-Tier / Single-Tier,"All Lower-tier (LT) and Single-tier (ST) municipalities should enter tax rates in this column.

Column 8 is pre-populated for the user in this taxable general-purpose levy schedule

All tax rates that have been applied in the municipality for Lower-tier or Single-tier purposes should appear in this column.

The tax rates should be entered as a Percentage to 6 decimal places into the appropriate column based on the purpose of the tax rate.",,,
22,09,Tax Rates: Upper-Tier,"All Upper-tier (UT) and Lower-tier (LT) municipalities should enter tax rates in this column.

Column 9 is pre-populated for the user in this taxable general-purpose levy schedule

All Tax rates that have been applied in the municipality for Upper-tier purposes should appear in this column.

The tax rates should be entered as a Percentage to 6 decimal places into the appropriate column based on the purpose of the tax rate.

(Decimal) **0.00123456** = (Percentage) **0.123456 %**

**Note:** Some RTC / RTQ combinations represent Education Rates only, or General Municipal rates only.",,,
22,10,Tax Rates:  Education,"All Lower-tier (LT) and Single-tier (ST) municipalities should enter tax rates in this column.  Upper-Tier (UT) municipalities should NOT enter tax rates in this column.

Column 10 is pre-populated for the user in this taxable general-purpose levy schedule

All Tax rates that have been applied in the municipality for Education purposes should appear in this column.

The tax rates should be entered as a Percentage to 6 decimal places into the appropriate column based on the purpose of the tax rate.

(Decimal) **0.00123456** = (Percentage) **0.123456 %**

**Note:** Some RTC / RTQ combinations represent Education Rates only, or General Municipal rates only.",,,
22,11,Tax Rates: Total,"This column displays the total municipal and education tax rates.

The total tax rate in each line is automatically calculated from the sum of columns 8, 9, and 10.",,,
22,12,Municipal Taxes:  Lower-Tier / Single-Tier,"All Lower-tier (LT) and Single-tier (ST) municipalities should have values in this column.

This column is automatically calculated by multiplying the Assessment in column 7 by the LT / ST Tax Rate in column 8.

In sections 4 to 8, the amounts must be entered, with the exception of totals which are automatically added.",,,
22,13,Municipal Taxes:  Upper-Tier,"All Upper-tier (UT) and Lower-tier (LT) municipalities should have values in this column.

This column is automatically calculated by multiplying the Assessment in column 7 by the UT Tax Rate in column 9.

In sections 4 to 8, the amounts must be entered, with the exception of totals which are automatically added.",,,
22,14,Education Taxes,"All Lower-tier (LT) or Single-tier (ST) municipalities should have values in this column.

This column is automatically calculated by multiplying the Assessment in column 7 by the Education Tax Rate in column 10.

In sections 4 to 8, the amounts must be entered, with the exception of totals which are automatically added.",,,
22,15,Total Taxes,"This column displays the total municipal and education taxes.

This column is automatically calculated by adding the Taxes in columns 12 to 14.",,,
24,01,RTC / RTQ,"This refers to the 2-digit code of the property class, and tax rate applicable to the assessment on a property. The first digit represents the Realty Tax Class (RTC) and refers to the property class. The second digit represents the Realty Tax Qualifier (RTQ) and refers to the tax rate that is applied to the property.

The RTQ describes which of the following ways the Tax Rate is applied:

**1. Full tax rate**

**2. Discounted tax rate**

   - **i. Excess Land**

   - **ii. Vacant Land**

   - **iii. Farmland Awaiting Development**

**3. Education tax rate only**",,,
24,02,Tax Band,"Municipalities have been provided with the option of applying graduated tax rates, often referred to as Tax Banding, in the commercial and industrial property classes. This means that municipalities can apply different tax rates to tax bands, or different ranges of assessment within a property class.

Please refer to Section 3 of Schedule 20 in these instructions, for further information on Tax Bands.

Municipalities must enter 0, L, M, or H in this column as explained in the instructions below:

For municipalities who have NOT adopted tax banding in a property class, a zero, ‘0', should be reported on each line in this column.  An entry of ‘0' represents an ‘Unbanded’ tax rate.",,,
24,03,Property Class,"The name of the property class in this column corresponds to the Realty Tax Class (RTC) code, which is the first letter of the RTC / RTQ Code in column 1.  (See FIR2025 Tables)",,,
24,04,Tax Rate Description,"This column describes the tax rate that is applied to a property class and corresponds to the Realty Tax Qualifier (RTQ) code, which is the second letter of the RTC / RTQ Code in column 1.  (See FIR2025 Tables)",,,
24,05,Tax Ratio,"The Tax Ratio defines the relationship between the Tax Rate of each property class in relation to the Residential property class (RF).  For example, if the Residential tax rate is 2% and the Commercial tax rate (CF) is 4%, twice that of the residential tax rate, then the Commercial tax ratio is 2.0000:",,,
24,06,Percent of Full Rate,"This column captures information relating to discounted tax rates, and tax banding of the tax rates.

These can be summarized into the following 3 cases:

|**Types of Tax Rate Discounts**|**Options**|
|---|---|
|Vacant Land or Excess Land|Excess Land Rate (RTQ = V, W)<br>Vacant Land Rate (RTQ=Y, Z)|
|Farmland Awaiting Development|Phase I (RTQ = 2, 3)<br>Phase II (RTQ=5,6)|
|Tax Banding (Percent of Full Unbanded Rate)|Low Tax Band (Tax Band = L)<br>Middle Tax Band (Tax Band = M)<br>High Tax Band (Tax Band=H)|

Notice that the first 2 cases relate to the RTQ of a property, while the 3rd case refers to the Tax Band.

For municipalities who have opted for tax banding of tax rates, it may be possible to have case 1 and 3 occurring at the same time (i.e. RTQ = V, W, Y, Z and Tax Band = L, M, H).

Remember, every tax rate is determined by the following relationship with the Residential tax rate:",,,
24,07,PIL CVA Assessment,"The total current value assessment (CVA) associated with each property class should be entered in this column.  Each Payment-In-Lieu RTC / RTQ Code and Tax Band combination that is applicable in a municipality should have a record shown in this schedule.

The CVA amounts reported in this column will be applied to the Tax Rates reported in columns 8 to 11 to arrive at the Total PIL Levied amounts in columns 12 to 15 in this schedule. Column 7 is pre-populated for the user in this schedule.

Please note that Hydro properties represented by RTQ = H, J, or K are reported on Schedule 22, Municipal and School Board Taxation.",,,
24,16,PIL Phased-In Assessment,"The total phased-in current value assessment (CVA) associated with each property class should be entered in this column.  Each Payment-In-Lieu RTC / RTQ Code and Tax Band combination that is applicable in a municipality should have a record shown in this schedule.

The CVA amounts reported in this column will be applied to the Tax Rates reported in columns 8 to 11 to arrive at the Total PIL Levied amounts in columns 12 to 15 in this schedule.

Please note that Hydro properties represented by RTQ = H, J, or K are reported on Schedule 22, Municipal and School Board Taxation.",,,
24,08,Tax Rates:  Lower-Tier / Single-Tier,"All Lower-tier (LT) and Single-tier (ST) municipalities should enter tax rates in this column. All Tax rates that have been applied in the municipality for Lower-tier or Singletier purposes should appear in this column.

The tax rates should be entered as a Percentage to 6 decimal places into the appropriate column based on the purpose of the tax rate.",,,
24,09,Tax Rates:  Upper-Tier,"All Upper-tier (UT) and Lower-tier (LT) municipalities should enter tax rates in this column. All Tax rates that have been applied in the municipality for Upper-tier purposes should appear in this column.

The tax rates should be entered as a Percentage to 6 decimal places into the appropriate column based on the purpose of the tax rate.",,,
24,10,Tax Rates:  Education,"All Lower-tier (LT) and Single-tier (ST) municipalities should enter tax rates in this column. All Tax rates that have been applied in the municipality for Education purposes should appear in this column.

The tax rates should be entered as a Percentage to 6 decimal places into the appropriate column based on the purpose of the tax rate.

Decimal **0.00123456** = Percentage **0.123456 %**

**NOTE:** Some RTC / RTQ combinations represent Education Rates only, or General Municipal rates only.",,,
24,11,Tax Rates:  Total,"This column displays the total municipal and education tax rates. The total tax rate in each line is automatically calculated from the sum of columns 8, 9, and 10.",,,
24,12,Municipal PILS:  Lower-Tier / Single-Tier,"All Lower-tier (LT) and Single-tier (ST) municipalities should have values in this column.

This column is automatically calculated by multiplying the Assessment in column 7 by the LT / ST Tax Rate in column 8. In sections 4 to 8, the amounts must be entered, with the exception of totals which are automatically added.",,,
24,13,Municipal PILS:  Upper-Tier,"All Upper-tier (UT) and Lower-tier (LT) municipalities should have values in this column.

This column is automatically calculated by multiplying the Assessment in column 7 by the UT Tax Rate in column 9.

In sections 4 to 8, the amounts must be entered, with the exception of totals which are automatically added.",,,
24,14,Education PILS,"All Lower-tier (LT) and Single-tier (ST) municipalities should have values in this column. This column is automatically calculated by multiplying the Assessment in column 7 by the Education Tax Rate in column 10.

In sections 4 to 8, the amounts must be entered, with the exception of totals which are automatically added.",,,
24,15,Total PILS,"This column displays the total municipal and education PILS Levied.  Remember, this may not be the total amount of PILS actually received and retained by the Municipality.

This column is automatically calculated by adding the PILS in columns 12 to 14.",,,
26,01,Property Class Group,"In this column, every property class, or RTC / RTQ combination has been ‘categorized’ into Property Class Groups.  The Realty Tax Class (RTC) determines which Property Class belongs to which Group.  Amounts for each property class on Schedule 22 will be aggregated for each Group.

The Construction class has been reflected by the RTC codes for the Commercial and Industrial property class group.

The following table outlines the RTC codes that are included in each Property Class Group shown in column 1:

|**Property Class Group**|**RTC**<br>**Included**|
|---|---|
|Residential|**R**|
|Multi-Residential|**M, N**|
|Farmland|**F**|
|Managed Forest|**T**|
|Commercial|**C, A, X**|
|Parking Lot|**G**|
|Office Building|**D, Y**|
|Shopping Centre|**S, Z**|
|Industrial|**I, J**|
|Large Industrial<br>Landfill|**L, K**<br>**HA**|
|Pipeline|**P**|
|Other Property Classes|**O**|

Subtotals exist for Residential and Farmland property classes (Line 9110), Commercial property classes (Line 9120), and Industrial property classes (Line 9130).

It should be noted that these property class groups do not include Supplementary Taxes, and Amounts Added to Tax Bills. Like Schedule 22, individual lines are made available for reporting Supplementary Taxes, and Amounts Added to Tax Bills.",,,
26,16,Taxable Assessment (CVA),"Amounts shown in this column are automatically calculated from information reported in Schedule 22, Municipal and School Board Taxation.

Assessment values reported in column 7 of Schedule 22 are summed by Property Class Group as discussed in column 1 of this Schedule.",,,
26,02,Taxable Assessment (Weighted and Discounted CVA),"Amounts shown in this column are automatically calculated from information reported in Schedule 22, Municipal and School Board Taxation.

Assessment values reported in column 7 of Schedule 22 are converted to a ‘Weighted’ and ‘Discounted’ Assessment value by multiplying by the Tax Ratio in column 5, and the Percentage of Full Rate in column 6.

‘Weighted’ Assessment refers to Assessment values that have been multiplied by the Tax Ratio applicable to the property class.

‘Discounted’ Assessment refers to Assessment values that have been multiplied by the Percent of Full discount applicable to the property class.  Assessment values are discounted for unoccupied properties, Farmland Awaiting Development, and Tax Banding.

For each property class, or RTC / RTQ and Tax Band combination, the Weighted and Discounted Assessment is calculated as follows:",,,
26,18,Phase-In Taxable Assessment (CVA),"Amounts shown in this column are automatically calculated from information reported in Schedule 22, Municipal and School Board Taxation.

Phase-in taxable assessment values reported in column 16 of Schedule 22 are summed by Property Class Group as discussed in column 1 of this Schedule.",,,
26,17,Phase-In Taxable Assessment (Weighted and Discounted CVA),"Amounts shown in this column are automatically calculated from information reported in Schedule 22, Municipal and School Board Taxation.

Assessment values reported in column 16 of Schedule 22 are converted to a ‘Weighted’ and ‘Discounted’ Assessment value by multiplying by the Tax Ratio in column 5, and the Percentage of Full Rate in column 6.

‘Weighted’ Assessment refers to Assessment values that have been multiplied by the Tax Ratio applicable to the property class.

‘Discounted’ Assessment refers to Assessment values that have been multiplied by the Percent of Full discount applicable to the property class.  Assessment values are discounted for unoccupied properties, Farmland Awaiting Development, and Tax Banding.

For each property class, or RTC / RTQ and Tax Band combination, the Weighted and Discounted Phase-In Taxable Assessment is calculated as follows:",,,
26,03,Total Taxes,"The Total Taxes shown in this column are equal to the sum of Municipal Taxes, and Education taxes.  This column is automatically calculated by adding amounts in columns 4 to 6 of this Section.

Unlike other parts of the FIR, the Total Taxes column has been placed to the left of Municipal and Education taxes for the Education taxes, column 6, to appear beside the Distribution of Education Taxes by School Board, columns 7 to 11.",,,
26,04,Municipal Taxes:  Lower-Tier (Single-Tier),No description provided.,,,
26,05,Municipal Taxes:  Upper-Tier,No description provided.,,,
26,06,Education Taxes,No description provided.,,,
26,07,Education Taxes by School Board:  English - Public,No description provided.,,,
26,08,Education Taxes by School Board:  French - Public,No description provided.,,,
26,09,Education Taxes by School Board:  English - Separate,No description provided.,,,
26,10,Education Taxes by School Board:  French - Separate,No description provided.,,,
26,11,Education Taxes by School Board:  Other,No description provided.,,,
26,12,French - Public,The portion of Education PIL amounts that are passed onto the French-Public school board should be reported in this column.,,,
26,13,English - Separate,The portion of Education PIL amounts that are passed onto the English-Separate school board should be reported in this column.,,,
26,14,French - Separate,The portion of Education PIL amounts that are passed onto the French-Separate school board should be reported in this column.,,,
26,15,Other,"The portion of Education PIL amounts that are passed onto any other school boards other than the English-Public, French-Public, English-Separate or French-Separate school boards should be reported in this column.",,,
28,01,Lower-tier Municipalities,This column displays the name of each of the lower-tier municipalities within the uppertier municipality.,,,
28,02,MAH Code,"This column displays the Municipal Affairs and Housing Code (MAH Code) which is associated with the municipality.  The MAH Code is a five-digit code which is unique to each municipality in the province.

The five-digit MAH Code is divided into three parts.

First two digits: Code which identifies the Region, County, or District where the municipality is located.

Third digit: Code which identifies the municipality’s status according to the following table:

|**Digit**|**Municipal Status**|
|---|---|
|0|Upper Tier|
|1|City|
|3|Separated Town|
|4|Town|
|5|Village|
|6|Township / Municipality|

Last two digits: Represent a sequence code to ensure code uniqueness amongst municipalities of the same status in the same geographic region, county, or district.",,,
28,03,Municipal Assessment Code,"This column displays the Municipal Assessment Code (Asmt Code) which is associated with the municipality.

The Municipal Assessment Code is a four-digit code which is unique to each municipality in the province.

The Municipal Assessment Code is used by the Municipal Property Assessment Corporation (MPAC) to identify properties in the assessment roll.  The first four digits of properties roll number begins with this code.

The four-digit code is divided into two parts:

First two digits:  Identifies the Region, County, or District where the municipality is located.

Last two digits:  Identifies each Municipality

**Example:** 1946 Town of Aurora (in York Region)

**19** Represents York R **46** Represents Aurora T",,,
28,04,General Purpose Levy,"For each lower-tier municipality, the General-Purpose Levy for upper-tier purposes should be reported in this column.

This amount is reported by each lower-tier municipality, in Schedule 22, Municipal and School Board Taxation, line 9299 (Total General-Purpose Levy), column 13 (Municipal Taxes:  Upper-tier).

Column 5 - Upper-tier Special Area Levies

For each lower-tier municipality, the total of all Upper-tier Special Area Levies should be reported in this column.

This amount is reported by each lower-tier municipality, in Schedule 22, Municipal and School Board Taxation, line 9699 (Total Upper-tier Special Area Levies), column 13 (Municipal Taxes:  Upper-tier).

This amount equals the sum of all subtotals for upper-tier special area levies that are reported (Lines 9601, 9602, 9603…).",,,
28,06,Supplementary Taxes,"For each lower-tier municipality, the Supplementary Taxes should be reported in this column.

This amount is reported by each lower-tier municipality, in Schedule 22, Municipal and School Board Taxation, line 9799 (Total of all Supplementary Taxes), column 13 (Municipal Taxes:  Upper-tier).",,,
28,07,Amounts Added to Tax Bills,"For each lower-tier municipality, the Amounts Added to Tax Bills should be reported in this column.

This amount is reported by each lower-tier municipality, in Schedule 22, Municipal and School Board Taxation, line 9890 (Subtotal:  Amounts Added to Tax Bills), column 13 (Municipal Taxes: Upper-tier).",,,
28,13,Other Taxation Amounts,"For each lower-tier municipality, the Other Taxation Amounts should be reported in this column.

This amount is reported by each lower-tier municipality, in Schedule 22, Municipal and School Board Taxation, line 9892 (Subtotal:  Other Taxation Amounts), column 13 (Municipal Taxes:  Upper-tier).",,,
28,08,Payments-In-Lieu,"For each lower-tier municipality, the total Payments-In-Lieu of Taxation should be reported in this column.",,,
28,09,5% Capping Limit Adjustment,"For each lower-tier municipality, the surplus or deficit of taxation for upper-tier purposes which occurs because of the 5% Capping Limit program should be reported (Refer to Instructions for Section 2 of Schedule 20 for further information).

The School Tax Recovery amount should be included in the amounts shown for each lower-tier municipality.",,,
28,10,PLUS:  UT Tax Adjustment Applied to Taxation,"For each lower-tier municipality, the Total Tax Adjustments Applied to Taxation should be reported.

This amount is reported by each lower-tier municipality in Schedule 72, Continuity of Taxes Receivable, on line 2899 (TOTAL Tax Adjustments before Adjustments) in column 8 (Upper-tier).",,,
28,11,LESS:  UT Tax Adjustment Recovered from Allowances,Upper-tier municipalities should enter amounts in respect of allowance for doubtful accounts that pertain to each lower-tier municipality.,,,
28,12,Total,"This automatically calculated amount is equal to the sum of the amounts in columns 4 to 10 and 13, less the amounts in column 11.

For each lower-tier municipality shown on this schedule, the TOTAL can be described by the following:",,,
72,01,School Boards:  English Public,The tax adjustments recoverable from the English Public-school board should be reported in this column.,,,
72,02,School Boards:  French Public,The tax adjustments recoverable from the French Public-school board should be reported in this column.,,,
72,03,School Boards:  English Separate,The tax adjustments recoverable from the English   Separate school board should be reported in this column.,,,
72,04,School Boards:  French Separate,The tax adjustments recoverable from the French   Separate school board should be reported in this column.,,,
72,05,School Boards: Other,The tax adjustments recoverable from other school boards should be reported in this column.,,,
72,06,Total Education,The tax adjustments recoverable from all school boards should be displayed in this column.  The Total Education amount in column 6 is equal to the sum of columns 1 through 5.,,,
72,07,Lower Tier (Single Tier),This column records tax adjustment funded from the general accounts of the local municipality.,,,
72,08,Upper Tier,"In a two-tier system, lower tiers use this column to record tax adjustments recoverable from the upper tier municipality.",,,
72,09,Total Tax Adjustments,Total tax adjustments are equal to the sum of columns 6 through 8.,,,
40,01,"Salaries, Wages, and Employee Benefits","Salaries, wages, and employee benefits include expenses incurred for the following purposes: full time, part time and temporary salaries and wages including, regular, overtime, shift premiums and other remuneration to employees.

Benefits include employer’s contribution payments to Canada Pension Plan (CPP), Ontario Municipal Employee Retirement System (OMERS), Employer’s Health Tax, Employment Insurance (EI), Workplace Safety and Insurance Board (WSIB) and any other insurance plans, such as supplementary health and dental.

Include clothing, moving, tuition, housing and other employee benefits and allowances paid.

Include funded and unfunded post employment benefits in the amount for salaries, wages, and employee benefits for each sub function.",,,
40,02,Interest on Long-Term Debt,"This column records interest incurred on long term liabilities and for leased tangible capital assets.

Exclude interest payments made by unconsolidated entities.

Exclude interest payments made from reserve funds.

For tile drainage/shoreline assistance, only interest on long term debt is reported in Schedule 40. Corresponding revenue is reported in SLC 12 1850 04.  Principal repayments are not reported in Schedule 40 and the corresponding revenue is not reported in Schedule 12.  Note that the long-term receivable and long-term debt are reduced by the principal repayment in the year.",,,
40,03,Materials (and all Other Expenses Not Reported in Other Columns),"This column is used to report materials purchased by a municipality for its own uses and/or disposal or resale.  Materials purchased by the municipality which are subsequently provided to a third party are also included in this column.

Please note that the purchase of hydro services and utilities including cell phone service are reported in column 3 as materials.

Include all other expenses not reported in other columns as materials.  For example, include expenses for insurance, travel, reimbursement of mileage, and photocopying.",,,
40,04,Contracted Services,"When a municipality is responsible for providing a service and contracts out service delivery; in part or in whole, to an arms length service provider, use column 4 to report payments to the service provider.

The arm’s length service provider may be a private contractor, another municipality, or another level of government.

If services are provided in part by an arms length service provider and in part by municipal staff, column 4 is used to report services provided by the contractor.  Services provided by municipal staff are not reported in column 4 but are reported using other object categories of expenses.

If a municipality is invoiced by a Consolidated Municipal Service Manager (CMSM) for services, the amount invoiced is reported as contracted services.

If a CMSM decides to meet its service responsibilities (e.g., ambulance and childcare) through a purchase of service agreement with an arms length service provider, the CMSM reports the purchased service as a contracted service.

If a municipality is legislated to provide a service and the service is provided through a legislated body, such as a conservation authority, the payment is reported as an External transfer in column 6.

For contracts which extend beyond the current fiscal year, report only that portion of the contract that relates to the current fiscal year.

Examples of services that may be provided by way of a contract with an arms length service provider:

- Communications planning and research activities

- Consulting: Information technology consulting and professional services (services related to electronic data processing, telecommunications, or office automation)

- Consulting:  Management consulting and professional services (services related to planning, organizing, directing, and controlling activities to assist managers in analysing management problems and recommending solutions)

- Consulting:  Technical consulting and professional services (services related to accounting, actuarial sciences, architecture, appraisal, community planning, employment/placement, engineering, health science, surveys)

- Data processing services

- Fence viewing

- Legal services

- Medical and other professional services provided by the municipality but contracted with providers such as doctors, dentists, veterinarians, and nursing services.

- Research and development services, e.g., research services provided by a university.

- Solid waste:  collection, disposal

- Snow removal services

- Weed cutting.

- MPAC Services",,,
40,05,"Rents, Financial Expenses, &Accretion Expense","Rents and financial expenses paid to external parties are recorded in column 5. Include the rental of buildings, land, machinery, equipment, and engineering structures.

Where a contracted service reported in column 4 (Contracted services) includes a separate and easily identifiable rental component, report the rental component in this column.

Financial expenses include short-term borrowing costs, bank and credit card service charges, annual payments associated with financing leases not deemed to be capital tangible lease and any other financial costs from external sources. Include losses on disposal of tangible capital assets.

Do not include interest paid on long term liabilities since interest should be reported in column 2 (Long term debt charges   Interest).

Do not include interdepartmental rents and financial expenses in column 5 since these are captured in column 10 (Inter functional adjustments).

Report accretion expense in this column.  Accretion expense accounts for the increase in liability balances that results from the passage of time (e.g., asset retirement obligation liability). Any asset retirement liability costs that were expensed rather than capitalized should also be recorded in this column.",,,
40,06,External transfers,"Include transfers to:

- **Charitable organizations, colleges, cultural or recreation organizations, hospitals, universities, and public health services (i.e., public health units).**

- **Conservation authorities**

- **Individuals, i.e., social assistance**

- **Unconsolidated local boards**",,,
40,16,Amortization,"This column records the annual amortization expense for tangible capital assets. Amortization amounts are automatically populated from schedule 51A column 8. Amortization expense on schedule 40 column 16 may be adjusted based on the municipality’s functional costing.

Schedule 40-line 0260 column 16 - no amount should be entered for amortization under program support.",,,
40,07,Total Expenses Before Adjustments,The subtotal is equal to the sum of columns one through six plus column 16.,,,
40,12,Inter-Functional Adjustments,"For a complete discussion of the allocation of program support, please see section 14, Allocation of Indirect Costs, in the Introduction to the FIR instructions.

Column 12 is used only to record transfers between sub-functions below general government.  A separate column, column 13, is provided for the allocation of program support to other sub-functions.

Municipalities should not use SLC 40 0240 12 (governance line, inter-functional adjustments column) or SLC 40 0250 12 (corporate management line, inte-rfunctional adjustments column) to record indirect costs to be allocated downwards in Schedule 40 to other sub-functions.  Generally, any negative values entered on the governance and corporate management lines in column 12 would represent amounts to be allocated to other sub-functions.

When the inter-functional adjustments column is used to record both inter departmental transfers and the allocation of indirect costs, neither type of transaction can be isolated. We do not know which entries represent interdepartmental transfers and which entries represent the allocation of indirect costs.  This works against the objective of transparency in financial reporting.

Please note that the inter-functional adjustments column does not contain a formula for summing expenses for salaries, wages, and employee benefits; materials; and contracted services.  It is a stand-alone column separate from those expense categories.  Therefore, the content of expenses reported as inter-functional adjustments for governance in SLC 40 0240 12 and for corporate management in SLC 40 0250 12 is unknown.

In addition, there is no standardized method for allocating inter-functional adjustments reported on the governance and corporate management lines to sub-functions.  Note that inter-functional adjustments reported on the program support line in SLC 40 0260 12 do form part of the total to be allocated to other sub-functions in SLC 40 0260 13.",,,
40,13,Allocation of Program Support,"The program support line in Schedule 40, line 0260, is used to report indirect costs that can be easily allocated to other sub-functions.  In comparison, the corporate management line, line 0250, is used to record indirect costs that are not easily allocated to other sub-functions. Please see the chapter on Functional Categories for a discussion of the differences between these two lines.

Municipalities report the amount of program support to be allocated to other subfunctions in column 13.

Please see section 14 on the Allocation of Indirect Costs in the Introduction to the FIR instructions for further details.",,,
40,11,Total Expenses after Adjustments,Total expenses are equal to the sum of:,,,
51A,01,Opening Net Book Value of Tangible Capital Assets,This column is automatically populated from the previous year’s closing Net Book Value of tangible capital assets.,,,
51A,02,Opening Cost Balance,"Column 2 includes the opening balance of the cost of assets.  This column is automatically pre-populated from the previous year’s closing cost balance. However, the amounts in this column can be edited if needed (as described in the section above “Transfers between functional categories”).",,,
51A,03,Additions and Betterments,"Column 3 includes all costs related to the purchase, construction, and development of tangible capital assets as per PS 3150 Tangible capital assets. This also includes donated/contributed tangible capital assets and betterments.",,,
51A,14,ARO Increase in TCA Cost,"In column 14, record the asset retirement obligation costs for any tangible capital assets that are purchased, or constructed In the current year.

Column 14 may also be used to record an increase in the carrying cost of a tangible capital asset that relates to an increase in the estimate of the asset retirement obligation liability.  A decrease in the estimate of the asset retirement obligation liability should be recorded in Column 5, Write Downs.

IMPORTANT: Accretion expense is considered an operating expense rather than a capital expense.  Accretion expense is the non-cash cost due to the passage of time, resulting in the gradual increase of the present value of the asset retirement obligation liability.  Accretion expense should be recorded in Schedule 40, Statement of Operations: Expenses, in Column 5 Rents, Financial Expenses, & Accretion Expense, and not in this schedule.",,,
51A,04,Disposals,"In Column 4, record the cost for assets that were sold, traded-in, destroyed, lost, or abandoned. These amounts should be recorded as positive values.",,,
51A,05,Write Downs,"In Column 5, record the permanent decline in the value of tangible capital assets. These amounts should be recorded as positive values.

This column should be used to record any decreases in the carrying value of a tangible capital assets that relate to a decrease in the estimate of the asset retirement obligation liability.",,,
51A,06,Closing Cost Balance,"The year-end closing cost balance is automatically calculated as follows:

**Closing Cost Balance = Opening Cost Balance (Column 2) Plus:     Additions and Betterments (Column 3) Plus:     ARO Increase in TCA Cost (Column 14) Minus:   Disposals (Column 4) Minus:   Write Downs (Column 5)**",,,
51A,07,Opening Amortization Balance,"Column 7 includes the opening accumulated amortization balance. This column is automatically pre-populated from the previous year’s closing accumulated amortization balance; however, these amounts can be edited if needed. Accumulated amortization is the cumulative amortization of assets up to a certain point in time.

If an asset retirement obligation relates to an existing tangible capital asset that is included in the opening cost balance for 2023 year, please see (c) above regarding adjustments to opening tangible capital asset cost and accumulated amortization balances.",,,
51A,08,Annual amortization,"In Column 8, record the cost reported as an amortization expense in schedule 40 on column 16.",,,
51A,09,Amortization Disposal,"In Column 9, report the sum of the accumulated amortization applicable to disposals or write downs. These amounts should be recorded as positive values.",,,
51A,10,Closing Amortization Balance,"The year-end closing accumulated amortization balance is automatically calculated as follows:

**Closing Amortization Balance = Opening Amortization Balance (Column 7)**

**Plus:       Annual Amortization**

**Minus:    Amortization Disposal**",,,
51A,11,Closing Net Book Value,"The year-end closing net book value is automatically calculated as follows:

**Closing Cost Balance - Closing Amortization Balance = Closing Net Book Value Column 6 – Column 10 = Column 11**",,,
51B,01,Opening Balance,"This column is automatically populated by the ending construction-in-progress balance from the previous year. However, amounts in this column can be adjusted if needed.",,,
51B,02,Expenditures in Current Year,"In Column 2, enter the costs incurred in the current year for capital work not yet completed.",,,
51B,03,Less: Assets Capitalized,"In Column 3, enter the tangible capital assets capitalized in the current year. These amounts should be recorded as positive values.",,,
51B,04,Closing Balance,"This column is automatically calculated as follows:

**Closing Construction-in-Progress Balance = Opening Balance (Column 1) Plus:   Expenditures In Year (Column 2) Minus:   Assets Capitalized**",,,
61A,24,"Total Opening Development Charges Receivables Balance, January 1","This column is automatically populated from the previous year’s ending Development Charges Receivables balance at year end.

However, the amounts in this column can be changed, if needed, to adjust amounts across the various prescribed services.

For column 1, the balance at the beginning of the year on Line 0299 should equal the amount reported in the previous year as the balance at the end of the year.",,,
61A,17,New Development Charge Installments Receivable,Deferred (uncollected) development charges are funds that are recorded upon issuance of a building permit in the current year for specific types of developments as provided for under section 26.1 of the Development Charges Act (DCA) and are payable in equal annual instalments as per section 26.1 of the DCA. These amounts remain uncollected at year end.,,,
61A,18,New Development Charge Interest Receivable,Enter the accrued interest charges in the current year for the uncollected development charges (deferred under section 26.1 of the DCA). These amounts have not yet been collected.,,,
61A,19,Less: Prior Year Development Charges Installment Receivables and Interest Collected During the Year.,"Enter the portion of last year’s uncollected development charges, and any associated interest, which has been collected during the year. These amounts should be recorded as a positive value and will be subtracted to calculate Column 20.",,,
61A,20,Net Development Charges Receivable,This is the total amount of uncollected development charges and accrued interest at year end as per section 26.1 in the DCA.,,,
61A,25,Total Closing Development Charges Receivables Balance at December 31.,No description provided.,,,
61B,26,Total opening Development Charges: Cash Collected Balance on January 1.,"This column is automatically populated from the previous year’s ending Development Charges at year end.

However, the amounts in this column can be changed, if needed, to adjust amounts across the various prescribed services.

For column 1, the balance at the beginning of the year on Line 0299 should equal the amount reported in the previous year as the balance at the end of the year.",,,
61B,02,Development Charges Cash Collected,Enter development charges cash collected in the current year for each prescribed service in development Charges reserve funds in Column 2. These amounts have been collected.,,,
61B,03,Interest and Investment Income Earned,"Enter income from securities and other investments earned in each obligatory reserve fund during the year in Column 3. Please note that development charges reserve funds cannot be consolidated with other municipal reserve funds for investment purposes.

If reserve funds for various service categories were grouped, please enter proportional interest and investment income for each service.

This section may also include unrealized gains (losses) from fair value measurement of restricted assets.  Please refer to PS 3450 Financial Instruments on how to account for unrealized gains (losses) for restricted assets.",,,
61B,21,Repayment of Monies Borrowed from Development Charges Reserve Fund and Associated Interest,Enter the amount of borrowed development charges funds and associated interest that were paid back to each service in DC obligatory reserve funds in the current year in column 21.,,,
61B,06,Net Development Charges Cash Collected,This line includes development charges collected in the year.,,,
61B,27,"Total Development Charges Before Outflows: Cash Collected, Balance, December 31.",This line includes the opening balance of DC cash collected and the net development charges cash collected.,,,
61B,07,Development Charges Outflows to Consolidated Statement of Operations,"In Column 7, enter the money in the reserve fund spent on costs that were included in the Consolidated Statement of Operations.

This column is automatically carried forward to Schedule 60 Line 1026 Column 1.",,,
61B,08,Development Charges Outflows to Tangible Capital Asset Acquisition,"In Column 8, enter money in the reserve fund spent to acquire, construct, or develop tangible capital assets.

This column is automatically carried forward to Schedule 60 Line 1025 Column 1.",,,
61B,09,Other Disbursements,Enter Development Charges Disbursements in Column 9 that cannot be captured under other disbursements categories. Refunds of development charges can be recorded in this column.,,,
61B,23,Monies Borrowed from Development Charges Reserve Funds,Enter the amount of borrowed funds from development charges reserve funds for other municipal purposes.,,,
61B,11,Total Development Charges Outflows,"Total is automatically calculated. It is the sum of Development Charges Outflows in Columns 7, 8, 9 and 23.",,,
61B,28,Total Ending Development Charges (DC Cash Collected) at Balance December 31,"This line is automatically calculated as the Balance Beginning of Year Plus Total Development Charges Inflows: Cash Collected less Total Development Charges Outflows.

For each prescribed service in each row:

**Total Ending Development Charges Balance (DC Cash Collected) at, December 31, Column 28, equals:**

Balance, beginning of year (Column 26)

**PLUS:** Total Development Charges Inflows: – Column 27 **LESS:** Total Development Charges Outflows – Column 11

**Please note that the sum of 61B Column 28 ending balance (SLC 61B 0299 28) and 61A Column 25 ending balance (SLC 61A 0299 25) should agree to the yearend development charges reserve funds balance recorded in the financial statements.**",,,
74,04,Contingent Liabilities,"Enter Y for “Yes” if you have a contingent liability.

Enter N for “No” if you do not have a contingent liability.",,,
74,01,Is Value in Column 2 Estimated?  (Y or N),"Enter Y for ""Yes"" if the value of the contingent liability reported in column 2 is estimated. Enter N for ""No"" if the value is not an estimate.",,,
74,02,Value ($),Enter the value of each type of contingent liability listed.,,,
74,03,Number of Years Payable Over,This column applies only to line 2640 (Outstanding loans guaranteed). Report the number of years as the time from the next reporting year to the year the last loan payment is due.,,,
74,05,Increase in Liabilities Due to Accretion Expense,"Please use this column to record accretion expense related to ARO liabilities in the current year.

New for 2025 - the total amount of accretion expense from line 9910 Column 5 will automatically populate line 2023 Accretion Expense in Schedule 54B Statement of Cash Flow – Indirect Method.

According to PS 3280.08 (a), accretion expense is the increase in the carrying amount of a liability for asset retirement obligations due to the passage of time. Please note: accretion expense is considered an operating expense rather than a capital expense, so it should be recorded in Schedule 40, Statement of Operations: Expenses, in Column 5 Rents, Financial Expenses, & Accretion Expense rather than Schedule 51A Tangible Capital Assets.",,,
74,06,Increase (Decrease) Reflecting Change in the Estimate of Liability,"PS 3280.49 to .53 guides public sector entities to reconsider the carrying amount of the liability for an asset retirement obligation at each financial reporting date.

Please use this column to record any changes in the estimate of the liability that arise from a change in the timing of the settlement of the asset retirement obligation, the amount of the original estimate of undiscounted cash flows, or a change in the discount rate used to discount the cash flows that are needed to settle the liability in a future period.

Increases should be reported as positive values and decreases should be reported as negative values.",,,
74,07,Liabilities for ARO at End of Year,"For each line, the total is the sum of Column 1 to 6. This ending balance will become next year’s opening balance in Column 1. It also pre-populates SLC 70 2920 01, Liability for Asset Retirement Obligation Liabilities.",,,
74E,01,Liability for ARO at Beginning of Year,Column 1 is automatically populated from the prior year’s closing balance.,,,
74E,03,Liability Incurred During the Year,"Please use this column to record any liabilities that relate to assets that were newly purchased, constructed or developed in the current year.",,,
74E,04,Liability Settled During the Year,Please use this column to record payments made to extinguish ARO liabilities in the current year. Please record this as a positive value.,,,
74E,05,Increase in Liabilities Due to Accretion Expense,"Please use this column to record accretion expense related to ARO liabilities in the current year.

New for 2025 - the total amount of accretion expense from line 9910 Column 5 will automatically populate line 2023 Accretion Expense in Schedule 54B Statement of Cash Flow – Indirect Method.

According to PS 3280.08 (a), accretion expense is the increase in the carrying amount of a liability for asset retirement obligations due to the passage of time. Please note: accretion expense is considered an operating expense rather than a capital expense, so it should be recorded in Schedule 40, Statement of Operations: Expenses, in Column 5 Rents, Financial Expenses, & Accretion Expense rather than Schedule 51A Tangible Capital Assets.",,,
74E,06,Increase (Decrease) Reflecting Change in the Estimate of Liability,"PS 3280.49 to .53 guides public sector entities to reconsider the carrying amount of the liability for an asset retirement obligation at each financial reporting date.

Please use this column to record any changes in the estimate of the liability that arise from a change in the timing of the settlement of the asset retirement obligation, the amount of the original estimate of undiscounted cash flows, or a change in the discount rate used to discount the cash flows that are needed to settle the liability in a future period.

Increases should be reported as positive values and decreases should be reported as negative values.",,,
74E,07,Liabilities for ARO at End of Year,"For each line, the total is the sum of Column 1 to 6. This ending balance will become next year’s opening balance in Column 1. It also pre-populates SLC 70 2920 01, Liability for Asset Retirement Obligation Liabilities.",,,
80,01,Full-Time Funded Positions,"Enter the number of full-time funded positions on a permanent or contractual basis, whether they are filled or not.",,,
80,02,Part-Time Funded Positions,"Enter the number of funded positions where the employee works less than 30 hours a week, either on a permanent or contractual basis.  Include only filled positions.",,,
80,03,Seasonal Employees,Please report the actual number of seasonal employees.  Seasonal positions are those where employment recurs each year but lasts less than a year.  Example:  Staff for summer recreational programs and crossing guards.,,,
80,04,Federal,Enter the amount of sinking funds invested in federal debt.,,,
80,05,Municipality's Share of Total Municipal Contributions ($),This column applies to part (I) only. Enter the dollar amount of contributions made by your municipality to the board or entity.,,,
80,06,Municipality's Share of Total Fee Revenues,This column applies to part (I) only. Enter the dollar amount of fee revenues received by your municipality from the local board or entity.  This amount is equal to total fee revenues received by the local board or entity times the percentage reported in column 4.,,,
80D,04,Method Used to Determine Construction Value.,"Since many municipal building departments charge building permit fees based on the floor area of the building or work requiring a building permit, it is necessary to convert the building area, usually in square meters, to construction value for that particular type of construction.

Municipal methods of determining total construction value are typically based on:

- A standard value schedule, such as:

Hanscomb Yardsticks for Costing. http://www.hanscomb.com/Yardsticks.html

Toronto Area Chief Building Officials Committee (TACBOC) Construction Value Standard. http://www.tacboc.ca/about-tacboc/tacboc

Toronto Real Estate Board’s Rough/Advanced Guide to Construction Costs - - http://www.trebcommercial.com/realtor/pdf/rough_guide green_guide 2012.pdf

- Estimation; and applicant’s declared value.

A standard value schedule is the preferred method of determining construction value to improve consistency and comparability in reporting results.",,,
80D,01,"Number of Complete Applications, by Category","In column 1, report the number of building permit applications which are submitted and accepted by the municipality as complete applications for each permit category on lines 1314 to 1320.

Zero (0) may be entered in column 1 for any line if no applications for a permit category were submitted and accepted by the municipality as complete.",,,
80D,02,"Number of Incomplete Applications, by Category","In column 2, report the number of building permit applications submitted and accepted by the municipality as incomplete for each permit category on lines 1314 to 1320.

Zero (0) may be entered in column 2 for any line if no incomplete applications were submitted and accepted by the municipality for the permit category.",,,
80D,03,Subtotal: Number of Complete and Incomplete Applications,"The subtotal for the number of complete and incomplete applications, by category, is automatically calculated in column 3 for lines 1314 to 1322.

The total number of building permit applications is automatically calculated in SLC 80D 1322 03 and equals the sum of the total number of building permit applications submitted and accepted by the municipality as complete and as incomplete for all categories.

The total number of building permit applications provides a measure of volume for the processing of building permit applications. Municipalities interested in comparing their results may wish to consider the volume and application status (complete/incomplete) of building permit applications in selecting comparators.",,,
